City_ID,City,Country,Date,Lat,Lng,Max Temp,Humidity,Cloudiness,Wind Speed
0,Ormara,PK,2022-03-26 19:57:18,25.2088,64.6357,77.7,70,0,11.77
1,Ponta Do Sol,PT,2022-03-26 19:57:18,32.6667,-17.1,65.07,77,100,14.99
2,Mar Del Plata,AR,2022-03-26 19:57:18,-38.0023,-57.5575,64.42,93,100,15.99
3,Ushuaia,AR,2022-03-26 19:57:18,-54.8,-68.3,49.66,81,75,6.91
4,Bambous Virieux,MU,2022-03-26 19:57:19,-20.3428,57.7575,80.85,83,40,5.75
5,Saint George,US,2022-03-26 19:53:23,37.1041,-113.5841,84.63,14,0,3.44
6,Torbay,CA,2022-03-26 19:57:19,47.6666,-52.7314,40.75,96,100,5.75
7,Rawson,AR,2022-03-26 19:56:38,-43.3002,-65.1023,75.2,31,0,21.56
8,Chuy,UY,2022-03-26 19:57:19,-33.6971,-53.4616,70.0,67,83,14.25
9,Port Elizabeth,ZA,2022-03-26 19:52:42,-33.918,25.5701,66.49,86,100,4.0
10,Port Blair,IN,2022-03-26 19:57:20,11.6667,92.75,78.84,94,20,2.3
11,Grand Gaube,MU,2022-03-26 19:57:20,-20.0064,57.6608,81.0,81,4,3.0
12,Hermanus,ZA,2022-03-26 19:57:20,-34.4187,19.2345,62.8,75,88,13.22
13,Namibe,AO,2022-03-26 19:55:57,-15.1961,12.1522,72.64,77,12,8.93
14,Neuquen,AR,2022-03-26 19:57:20,-38.9516,-68.0591,84.94,11,0,9.62
15,Nurota,UZ,2022-03-26 19:57:21,40.5614,65.6886,44.71,58,5,10.16
16,Santiago,CL,2022-03-26 19:55:07,-33.4569,-70.6483,80.29,37,0,12.66
17,Sambava,MG,2022-03-26 19:57:21,-14.2667,50.1667,78.85,87,5,5.68
18,Nuuk,GL,2022-03-26 19:57:21,64.1835,-51.7216,23.88,68,45,15.01
19,Walvis Bay,NA,2022-03-26 19:57:22,-22.9575,14.5053,65.35,72,0,2.3
20,Andenes,NO,2022-03-26 19:57:20,69.3143,16.1194,28.38,80,75,8.05
21,Sorland,NO,2022-03-26 19:57:22,67.667,12.6934,32.54,52,100,1.01
22,Kavaratti,IN,2022-03-26 19:57:22,10.5669,72.642,81.82,70,1,2.3
23,Clyde River,CA,2022-03-26 19:57:22,70.4692,-68.5914,-1.97,84,100,5.75
24,Busselton,AU,2022-03-26 19:57:23,-33.65,115.3333,63.88,82,97,18.28
25,Cape Town,ZA,2022-03-26 19:55:40,-33.9258,18.4232,68.41,65,0,8.05
26,East London,ZA,2022-03-26 19:57:23,-33.0153,27.9116,66.78,89,96,11.43
27,Faya,SA,2022-03-26 19:57:23,18.3851,42.4509,63.12,45,1,4.54
28,Victoria,HK,2022-03-26 19:57:24,22.2855,114.1577,74.32,90,82,8.01
29,Zhezkazgan,KZ,2022-03-26 19:57:24,47.8043,67.7144,32.32,99,100,7.05
30,Qaanaaq,GL,2022-03-26 19:57:24,77.484,-69.3632,1.45,92,99,3.83
31,Muisne,EC,2022-03-26 19:57:24,0.6,-80.0333,81.5,74,95,6.06
32,Bengkulu,ID,2022-03-26 19:57:25,-3.8004,102.2655,76.08,90,75,7.63
33,Bredasdorp,ZA,2022-03-26 19:57:25,-34.5322,20.0403,64.02,73,58,12.95
34,Taoudenni,ML,2022-03-26 19:57:25,22.6783,-3.9836,86.16,13,26,6.53
35,Hambantota,LK,2022-03-26 19:57:25,6.1241,81.1185,77.9,84,5,3.49
36,Nisia Floresta,BR,2022-03-26 19:57:26,-6.0911,-35.2086,84.58,82,99,6.33
37,Carballo,ES,2022-03-26 19:57:26,43.213,-8.691,58.91,81,100,0.69
38,Marquette,US,2022-03-26 19:57:26,46.5333,-87.6335,18.34,70,100,16.26
39,Zambezi,ZM,2022-03-26 19:57:27,-13.5432,23.1047,66.87,95,99,4.23
40,Cayenne,GF,2022-03-26 19:56:35,4.9333,-52.3333,81.09,1,100,11.5
41,Tema,GH,2022-03-26 19:57:27,5.667,-0.0166,82.81,74,40,5.75
42,Aksarka,RU,2022-03-26 19:57:27,66.5606,67.7975,-5.44,100,94,7.36
43,Longyearbyen,SJ,2022-03-26 19:57:27,78.2186,15.6401,-2.36,78,20,9.22
44,Tasiilaq,GL,2022-03-26 19:57:28,65.6145,-37.6368,20.17,71,2,2.68
45,Yarmouth,US,2022-03-26 19:58:28,41.7057,-70.2286,54.14,74,66,7.0
46,Kisangani,CD,2022-03-26 19:58:28,0.5167,25.2,78.67,65,91,3.18
47,Arraial Do Cabo,BR,2022-03-26 19:58:28,-22.9661,-42.0278,91.36,66,0,18.41
48,Tahoua,NE,2022-03-26 19:58:29,14.8888,5.2692,83.07,9,9,12.39
49,Thinadhoo,MV,2022-03-26 19:58:29,0.5333,72.9333,82.31,70,0,10.67
50,Narsaq,GL,2022-03-26 19:58:29,60.9167,-46.05,26.55,72,31,0.87
51,Mahibadhoo,MV,2022-03-26 19:58:30,3.7833,72.9667,81.77,65,2,4.9
52,Ilulissat,GL,2022-03-26 19:56:04,69.2167,-51.1,16.25,79,100,2.57
53,Port Alfred,ZA,2022-03-26 19:55:39,-33.5906,26.891,65.17,84,100,1.01
54,Mancio Lima,BR,2022-03-26 19:58:30,-7.6142,-72.8958,84.27,74,40,3.44
55,Auburn,US,2022-03-26 19:58:30,47.3073,-122.2284,61.41,79,100,4.0
56,Puerto Del Rosario,ES,2022-03-26 19:58:30,28.5004,-13.8627,64.15,77,20,5.75
57,Harper,LR,2022-03-26 19:58:31,4.375,-7.7169,80.26,84,87,8.23
58,Adrar,MR,2022-03-26 19:58:31,20.5022,-10.0711,77.34,15,1,5.23
59,Filadelfia,US,2022-03-26 19:57:10,39.9523,-75.1638,55.04,45,98,8.99
60,Trofors,NO,2022-03-26 19:58:31,65.5333,13.4063,26.73,81,100,4.25
61,Hasanabad,IR,2022-03-26 19:58:32,36.5465,61.0543,51.06,46,0,6.82
62,Mocuba,MZ,2022-03-26 19:58:32,-16.8392,36.9856,75.11,93,100,2.82
63,Nanortalik,GL,2022-03-26 19:58:32,60.1432,-45.2371,29.16,81,6,2.59
64,Bindura,ZW,2022-03-26 19:58:32,-17.3019,31.3306,66.11,95,100,1.9
65,Bongor,TD,2022-03-26 19:58:33,10.2806,15.3722,88.95,11,21,9.78
66,Totma,RU,2022-03-26 19:58:33,59.9747,42.7642,31.93,97,100,8.81
67,Bonga,ET,2022-03-26 19:58:33,7.2833,36.2333,63.91,77,66,1.28
68,Punta Arenas,CL,2022-03-26 19:55:20,-53.15,-70.9167,53.71,66,100,0.0
69,Asosa,ET,2022-03-26 19:58:34,10.0667,34.5333,71.33,23,43,2.93
70,Coquimbo,CL,2022-03-26 19:58:34,-29.9533,-71.3436,67.73,63,40,11.5
71,Awbari,LY,2022-03-26 19:58:34,26.5921,12.7805,68.07,11,78,11.83
72,El Cobre,CU,2022-03-26 19:58:34,20.0489,-75.9469,82.69,57,73,8.88
73,Mahebourg,MU,2022-03-26 19:58:35,-20.4081,57.7,80.89,83,40,5.75
74,Jamestown,US,2022-03-26 19:58:35,42.097,-79.2353,38.52,61,100,17.27
75,Tarko-Sale,RU,2022-03-26 19:58:35,64.9225,77.785,-3.75,100,61,7.63
76,Gornopravdinsk,RU,2022-03-26 19:58:35,60.05,69.9,11.71,94,17,6.93
77,Newton Abbot,GB,2022-03-26 19:58:36,50.5286,-3.6119,55.58,66,0,3.0
78,Juba,SS,2022-03-26 19:58:36,4.8517,31.5825,81.18,55,98,4.61
79,Destin,US,2022-03-26 19:58:36,30.3935,-86.4958,77.02,42,0,13.29
80,Cidreira,BR,2022-03-26 19:58:36,-30.1811,-50.2056,72.77,65,95,10.67
81,Sao Joao Da Barra,BR,2022-03-26 19:58:37,-21.6403,-41.0511,87.89,82,33,15.14
82,Chapais,CA,2022-03-26 19:58:37,49.7834,-74.8492,33.58,97,100,4.12
83,Camacha,PT,2022-03-26 19:58:37,33.0833,-16.3333,60.22,77,40,13.8
84,Husavik,IS,2022-03-26 19:58:38,66.0449,-17.3389,41.5,89,100,14.27
85,Talnakh,RU,2022-03-26 19:58:38,69.4865,88.3972,20.21,77,100,4.54
86,Hithadhoo,MV,2022-03-26 19:58:38,-0.6,73.0833,83.17,69,0,12.62
87,Vila Franca Do Campo,PT,2022-03-26 19:58:38,37.7167,-25.4333,61.21,87,100,22.46
88,Georgetown,MY,2022-03-26 19:57:12,5.4112,100.3354,82.33,88,20,2.3
89,Eyl,SO,2022-03-26 19:59:39,7.9803,49.8164,77.63,64,1,14.23
90,Monrovia,LR,2022-03-26 19:59:39,6.3005,-10.7969,73.17,85,74,7.81
91,Rafsanjan,IR,2022-03-26 19:59:39,30.4067,55.9939,61.54,11,0,8.05
92,Ouahigouya,BF,2022-03-26 19:59:39,13.5828,-2.4216,91.26,12,16,8.5
93,Shevchenko,UA,2022-03-26 19:59:40,48.5,35.0,51.21,54,99,18.07
94,Florencia,IT,2022-03-26 19:59:40,43.7667,11.25,60.53,38,0,8.05
95,Garissa,KE,2022-03-26 19:59:40,-0.4536,39.6401,83.35,63,96,14.7
96,Mahon,ES,2022-03-26 19:59:41,39.8885,4.2658,55.96,88,40,13.8
97,Souillac,MU,2022-03-26 19:59:41,-20.5167,57.5167,80.98,83,40,5.75
98,Reconquista,AR,2022-03-26 19:59:41,-29.15,-59.65,77.7,46,0,6.78
99,Saint-Philippe,RE,2022-03-26 19:59:41,-21.3585,55.7679,76.59,86,29,7.81
100,Beloha,MG,2022-03-26 19:55:33,-25.1667,45.05,70.12,95,25,5.57
101,Paamiut,GL,2022-03-26 19:59:42,61.994,-49.6678,27.54,81,2,13.2
102,Turukhansk,RU,2022-03-26 19:59:42,65.8167,87.9833,20.53,96,100,4.56
103,Port-Gentil,GA,2022-03-26 19:59:42,-0.7193,8.7815,82.36,89,40,10.36
104,Berlevag,NO,2022-03-26 19:59:42,70.8578,29.0864,22.8,66,100,25.61
105,Ancud,CL,2022-03-26 19:59:43,-41.8697,-73.8203,55.22,92,96,20.18
106,Benguela,AO,2022-03-26 19:59:43,-12.5763,13.4055,77.9,83,98,5.93
107,Sistranda,NO,2022-03-26 19:59:43,63.7256,8.834,33.76,98,100,9.04
108,Ankara,TR,2022-03-26 19:57:17,39.9199,32.8543,35.2,69,6,3.4
109,Iralaya,HN,2022-03-26 19:59:44,15.0,-83.2333,83.23,56,10,11.86
110,Pokhara,NP,2022-03-26 19:57:51,28.2333,83.9833,66.94,21,0,7.18
111,Dingle,PH,2022-03-26 19:59:44,10.9995,122.6711,76.1,90,89,6.42
112,Porto Velho,BR,2022-03-26 19:58:42,-8.7619,-63.9039,80.65,83,40,3.44
113,Itaqui,BR,2022-03-26 19:59:44,-29.1253,-56.5531,73.89,58,100,9.91
114,Balezino,RU,2022-03-26 19:59:44,57.9796,53.0106,32.47,96,100,20.13
115,Codrington,AU,2022-03-26 19:59:45,-38.2667,141.9667,55.09,73,0,4.81
116,Castro,BR,2022-03-26 19:59:45,-24.7911,-50.0119,73.08,76,95,6.33
117,Gayeri,BF,2022-03-26 19:59:45,12.6497,0.4931,91.96,11,62,8.88
118,Roald,NO,2022-03-26 19:59:46,62.5833,6.1333,45.75,81,75,9.22
119,Laguna,US,2022-03-26 19:59:46,38.421,-121.4238,79.18,49,40,4.0
120,Quelimane,MZ,2022-03-26 19:59:46,-17.8786,36.8883,80.55,83,20,5.99
121,Lubao,PH,2022-03-26 19:59:46,14.9167,120.55,80.67,81,9,2.71
122,Yar-Sale,RU,2022-03-26 19:59:47,66.8333,70.8333,-9.36,92,51,7.54
123,Chimore,BO,2022-03-26 19:59:47,-16.9833,-65.1333,68.83,90,100,0.98
124,San Cristobal,VE,2022-03-26 19:59:47,7.7669,-72.225,84.38,50,100,6.46
125,Vasylivka,UA,2022-03-26 19:59:47,47.4369,35.2742,45.37,59,100,25.37
126,Matagami,CA,2022-03-26 19:59:48,49.7502,-77.6328,28.51,86,100,25.32
127,Cabedelo,BR,2022-03-26 19:56:14,-6.9811,-34.8339,83.07,79,95,6.93
128,Skibbereen,IE,2022-03-26 19:59:48,51.55,-9.2667,53.11,81,0,11.07
129,Kilindoni,TZ,2022-03-26 19:59:48,-7.9139,39.6668,83.14,76,3,8.68
130,Teeli,RU,2022-03-26 19:59:49,51.0333,90.2333,4.6,80,96,3.13
131,Dikson,RU,2022-03-26 19:59:49,73.5069,80.5464,-4.54,93,100,14.2
132,Jumla,NP,2022-03-26 19:59:49,29.2747,82.1838,45.52,44,0,4.38
133,Stokmarknes,NO,2022-03-26 19:59:49,68.5646,14.9108,24.78,93,75,4.61
134,Tabou,CI,2022-03-26 19:59:50,4.423,-7.3528,79.97,86,100,8.72
135,Diffa,NE,2022-03-26 19:59:50,13.3154,12.6113,79.34,17,9,12.24
136,Belmonte,BR,2022-03-26 19:59:50,-15.8631,-38.8828,81.52,71,2,8.55
137,Karla,EE,2022-03-26 20:00:50,59.3723,24.9275,30.16,59,75,17.27
138,Iquique,CL,2022-03-26 20:00:51,-20.2208,-70.1431,71.8,70,8,10.02
139,Ati,TD,2022-03-26 20:00:51,13.2154,18.3353,80.55,10,11,13.8
140,Geraldton,AU,2022-03-26 20:00:51,-28.7667,114.6,72.01,88,70,5.75
141,Effium,NG,2022-03-26 20:00:52,6.6292,8.0593,90.3,44,87,11.03
142,Gravdal,NO,2022-03-26 19:57:04,68.1214,13.5031,26.49,86,75,2.3
143,Kondinskoye,RU,2022-03-26 20:00:52,59.6481,67.41,10.9,91,19,10.18
144,Chrastava,CZ,2022-03-26 20:00:52,50.8169,14.9688,54.64,81,100,6.26
145,Terra Santa,BR,2022-03-26 20:00:53,-2.1042,-56.4869,84.2,77,56,3.8
146,Gdansk,PL,2022-03-26 20:00:53,54.3521,18.6464,40.15,60,0,8.05
147,Key West,US,2022-03-26 20:00:53,24.5557,-81.7826,72.0,61,3,13.11
148,Saldanha,ZA,2022-03-26 20:00:54,-33.0117,17.9442,64.29,80,95,7.38
149,Muros,ES,2022-03-26 19:58:58,42.7762,-9.0603,58.08,80,100,4.7
150,Ariogala,LT,2022-03-26 20:00:54,55.2667,23.4667,31.57,61,8,19.55
151,Trairi,BR,2022-03-26 20:00:54,-3.2778,-39.2689,80.08,83,100,9.31
152,Parfino,RU,2022-03-26 20:00:54,57.9731,31.6481,26.42,89,100,18.86
153,Monforte De Lemos,ES,2022-03-26 20:00:55,42.5216,-7.5142,59.58,78,97,1.3
154,Sidi Ali,DZ,2022-03-26 20:00:55,36.0998,0.4206,53.83,79,7,3.8
155,Antequera,ES,2022-03-26 19:56:17,37.0194,-4.5612,54.95,87,12,3.8
156,Babino,RU,2022-03-26 20:00:56,56.2256,43.6238,35.58,74,75,11.18
157,Mandera,KE,2022-03-26 20:00:56,3.9366,41.867,88.11,44,37,5.32
158,Jardim,BR,2022-03-26 20:00:57,-21.4803,-56.1381,81.16,45,53,1.61
159,Cravo Norte,CO,2022-03-26 20:00:57,6.3017,-70.2041,93.61,40,84,6.42
160,Saurimo,AO,2022-03-26 20:00:57,-9.6608,20.3916,66.54,94,89,2.1
161,Upernavik,GL,2022-03-26 20:00:58,72.7868,-56.1549,12.67,92,100,5.39
162,Mweka,CD,2022-03-26 20:00:58,-4.85,21.5667,73.65,78,100,1.21
163,Caravelas,BR,2022-03-26 20:00:58,-17.7125,-39.2481,81.01,75,8,8.14
164,Antalaha,MG,2022-03-26 20:00:58,-14.9003,50.2788,76.89,90,8,4.94
165,Vredendal,ZA,2022-03-26 20:00:59,-31.6683,18.5012,69.35,50,53,6.46
166,Ginir,ET,2022-03-26 20:00:59,7.1333,40.7,63.16,65,79,5.86
167,Surgut,RU,2022-03-26 20:01:00,61.25,73.4167,14.18,56,0,7.0
168,Qaqortoq,GL,2022-03-26 20:01:00,60.7167,-46.0333,26.28,71,36,1.54
169,Lebu,CL,2022-03-26 20:01:01,-37.6167,-73.65,61.18,70,72,6.38
170,Ribeira Grande,PT,2022-03-26 20:01:01,38.5167,-28.7,59.4,88,40,12.66
171,Necochea,AR,2022-03-26 20:01:02,-38.5473,-58.7368,63.27,88,99,17.45
172,Henties Bay,NA,2022-03-26 20:01:03,-22.116,14.2845,64.36,82,0,5.66
173,Kruisfontein,ZA,2022-03-26 20:01:04,-34.0033,24.7314,63.88,88,79,3.53
174,Manjacaze,MZ,2022-03-26 20:01:04,-24.7117,33.8828,68.14,97,97,3.15
175,Kongoussi,BF,2022-03-26 20:01:05,13.3258,-1.5347,92.5,10,7,5.75
176,Marrakesh,MA,2022-03-26 20:01:06,31.6315,-8.0083,64.47,55,1,6.91
177,Ntungamo,UG,2022-03-26 20:01:06,-0.8833,29.65,64.71,94,87,4.47
178,Vuktyl,RU,2022-03-26 20:02:06,63.8567,57.3094,22.39,92,100,10.65
179,Road Town,VG,2022-03-26 20:02:07,18.4167,-64.6167,79.0,75,75,12.33
180,Waddan,LY,2022-03-26 20:02:07,29.1614,16.139,63.52,13,0,17.63
181,Tiznit,MA,2022-03-26 20:02:07,29.5833,-9.5,59.23,63,0,4.7
182,Agara,GE,2022-03-26 20:02:07,42.0376,43.8238,33.46,89,78,6.06
183,Mehamn,NO,2022-03-26 20:02:08,71.0357,27.8492,23.7,67,100,24.34
184,Sao Filipe,CV,2022-03-26 20:02:08,14.8961,-24.4956,70.47,75,72,12.08
185,Serro,BR,2022-03-26 20:02:08,-18.6047,-43.3794,78.75,69,63,2.33
186,Dubrovytsya,UA,2022-03-26 20:02:09,51.5744,26.565,38.93,54,7,20.76
187,Kongolo,CD,2022-03-26 20:02:09,-5.3833,27.0,72.52,93,97,1.19
188,Mogadouro,PT,2022-03-26 20:02:09,41.3403,-6.7119,52.03,65,100,5.46
189,Koster,ZA,2022-03-26 20:02:09,-25.863,26.8976,60.89,68,36,3.62
190,Key Largo,US,2022-03-26 20:00:02,25.0865,-80.4473,79.0,43,0,5.44
191,Gamba,GA,2022-03-26 20:02:10,-2.65,10.0,78.26,90,100,6.85
192,Tombouctou,ML,2022-03-26 20:02:10,20.0,-3.0,85.93,20,18,6.33
193,Hammerfest,NO,2022-03-26 20:02:10,70.6634,23.6821,21.65,86,75,9.22
194,Pangody,RU,2022-03-26 20:02:11,65.85,74.4859,-3.78,100,100,0.16
195,Altamira,BR,2022-03-26 20:02:11,-3.2033,-52.2064,82.71,81,31,3.22
196,Klaksvik,FO,2022-03-26 20:02:11,62.2266,-6.589,47.32,82,100,24.25
197,Holbeach,GB,2022-03-26 20:02:11,52.804,0.0144,49.01,85,37,5.01
198,Atar,MR,2022-03-26 20:02:12,20.5169,-13.0499,80.02,10,5,6.49
199,Malakal,SS,2022-03-26 20:02:12,9.5334,31.6605,86.07,12,60,8.1
200,Imbituba,BR,2022-03-26 20:01:27,-28.24,-48.6703,73.6,66,10,6.02
201,Ouadda,CF,2022-03-26 20:02:12,8.0777,22.4007,80.49,12,100,8.14
202,Kiambu,KE,2022-03-26 20:02:12,-1.1667,36.8333,65.23,88,75,5.75
203,Teguise,ES,2022-03-26 20:02:13,29.0605,-13.564,61.02,72,0,4.61
204,Onguday,RU,2022-03-26 20:02:13,50.75,86.15,16.84,92,100,2.24
205,Beyneu,KZ,2022-03-26 20:02:13,45.3167,55.2,36.68,85,100,14.63
206,Dwarka,IN,2022-03-26 20:02:14,22.2394,68.9678,79.25,67,0,11.39
207,Lodja,CD,2022-03-26 20:02:14,-3.4833,23.4333,75.02,69,100,2.64
208,Ndele,CF,2022-03-26 20:02:14,8.4109,20.6473,81.18,13,27,5.91
209,Carnarvon,AU,2022-03-26 20:02:14,-24.8667,113.6333,76.78,66,50,10.67
210,Mporokoso,ZM,2022-03-26 20:02:15,-9.3727,30.125,62.26,95,87,2.28
211,Belaya Kalitva,RU,2022-03-26 20:02:15,48.17,40.78,42.91,63,46,23.04
212,Sharjah,AE,2022-03-26 20:01:48,25.3573,55.4033,74.71,72,0,7.4
213,Groningen,NL,2022-03-26 20:00:11,53.25,6.75,47.01,92,100,8.05
214,Serenje,ZM,2022-03-26 20:02:15,-13.2325,30.2352,63.48,95,66,2.84
215,Alta Floresta,BR,2022-03-26 20:02:16,-9.8756,-56.0861,81.57,90,99,2.98
216,Olinda,BR,2022-03-26 20:02:16,-8.0089,-34.8553,80.85,76,84,6.11
217,Karpinsk,RU,2022-03-26 20:02:16,59.7654,60.0085,23.27,94,100,11.52
218,Saint-Louis,SN,2022-03-26 20:02:16,16.3333,-15.0,84.65,16,58,17.47
219,Pedro Juan Caballero,PY,2022-03-26 20:02:17,-22.5472,-55.7333,78.91,35,10,4.74
220,Upington,ZA,2022-03-26 20:02:17,-28.4478,21.2561,77.61,21,0,8.63
221,Inta,RU,2022-03-26 20:02:17,66.0317,60.1659,0.99,98,100,8.14
222,Japura,ID,2022-03-26 20:02:18,-0.3167,102.35,74.37,97,5,1.77
223,Pafos,CY,2022-03-26 20:02:18,34.7667,32.4167,53.38,82,40,4.61
224,Sinnamary,GF,2022-03-26 19:58:12,5.3833,-52.95,79.84,78,84,13.51
225,Vardo,NO,2022-03-26 20:03:18,70.3705,31.1107,27.19,58,100,27.18
226,Luderitz,NA,2022-03-26 20:03:18,-26.6481,15.1594,65.48,70,0,7.34
227,Kismayo,SO,2022-03-26 20:03:19,-0.3582,42.5454,80.76,84,17,8.01
228,Bandarbeyla,SO,2022-03-26 20:03:19,9.4942,50.8122,77.38,62,28,10.22
229,Verkhnyaya Toyma,RU,2022-03-26 20:03:19,62.2349,44.9985,33.19,98,100,7.18
230,Camacari,BR,2022-03-26 20:03:20,-12.6975,-38.3242,85.77,74,67,5.97
231,Juan Lacaze,UY,2022-03-26 20:03:20,-34.4342,-57.4381,68.11,71,73,15.01
232,Tromso,NO,2022-03-26 20:03:20,69.6496,18.957,20.37,86,75,3.44
233,Mbandaka,CD,2022-03-26 20:03:20,0.0487,18.2603,75.15,84,63,2.84
234,Lagoa,PT,2022-03-26 20:03:21,39.05,-27.9833,59.54,87,100,25.97
235,Bathsheba,BB,2022-03-26 20:03:21,13.2167,-59.5167,79.9,72,100,16.13
236,Pelotas,BR,2022-03-26 20:03:21,-31.7719,-52.3425,71.85,69,100,1.01
237,Taltal,CL,2022-03-26 20:03:21,-25.4,-70.4833,68.52,71,22,7.4
238,Remedios,CU,2022-03-26 20:03:22,22.4947,-79.5458,76.28,60,97,15.28
239,Saint-Augustin,CA,2022-03-26 20:03:22,51.226,-58.6502,32.7,99,100,19.69
240,Aleppo,SY,2022-03-26 20:03:22,36.25,37.5,45.97,85,100,14.41
241,Pisco,PE,2022-03-26 20:03:23,-13.7,-76.2167,77.32,60,57,6.96
242,Barwadih,IN,2022-03-26 20:03:23,23.8333,84.1167,72.43,15,0,4.41
243,Rocha,UY,2022-03-26 20:03:23,-34.4833,-54.3333,67.15,79,72,15.99
244,Zaysan,KZ,2022-03-26 20:03:23,47.4667,84.8667,28.83,80,100,1.81
245,Chute-Aux-Outardes,CA,2022-03-26 20:03:24,49.1168,-68.399,32.52,95,82,6.82
246,Otjiwarongo,NA,2022-03-26 20:03:14,-20.4637,16.6477,66.65,39,0,4.45
247,Salinas,US,2022-03-26 20:03:24,36.6777,-121.6555,80.01,61,0,13.8
248,Albion,US,2022-03-26 20:03:24,42.2431,-84.753,33.19,77,100,16.11
249,Kovdor,RU,2022-03-26 19:58:43,67.5662,30.4758,13.51,83,12,12.08
250,Conde,BR,2022-03-26 20:03:24,-7.2597,-34.9075,79.05,81,100,6.67
251,Arani,IN,2022-03-26 20:03:25,12.6667,79.2833,78.67,85,0,4.94
252,Povenets,RU,2022-03-26 20:03:25,62.8487,34.8262,21.63,74,100,25.72
253,Brigantine,US,2022-03-26 20:03:25,39.4101,-74.3646,53.04,60,40,16.11
254,Bosaso,SO,2022-03-26 20:03:26,11.2842,49.1816,76.62,69,4,1.5
255,Gagra,GE,2022-03-26 20:03:26,43.3283,40.2239,43.72,85,100,10.11
256,Aksu,CN,2022-03-26 20:03:26,41.1231,80.2644,48.97,47,86,5.1
257,Saquena,PE,2022-03-26 20:03:26,-4.6667,-73.5167,83.01,82,100,1.88
258,Hualmay,PE,2022-03-26 20:03:27,-11.0964,-77.6139,74.77,72,100,9.6
259,Ambilobe,MG,2022-03-26 20:03:27,-13.2,49.05,74.88,97,7,2.48
260,Maraa,BR,2022-03-26 20:03:27,-1.8333,-65.3667,82.49,87,95,2.26
261,Bayonet Point,US,2022-03-26 20:00:42,28.3267,-82.6834,76.15,56,0,8.99
262,Bundi,IN,2022-03-26 20:03:27,25.4417,75.6417,78.6,10,0,4.0
263,Talas,TR,2022-03-26 20:03:28,38.6908,35.5538,29.07,86,75,3.44
264,Gao,ML,2022-03-26 20:03:28,16.6362,1.637,86.97,11,6,11.72
265,Rio Tercero,AR,2022-03-26 20:03:28,-32.173,-64.1141,81.45,16,0,6.02
266,Menongue,AO,2022-03-26 20:03:28,-14.6585,17.691,68.02,82,97,2.06
267,Urrao,CO,2022-03-26 20:03:29,6.3152,-76.1342,67.86,83,93,2.46
268,Miquelon,PM,2022-03-26 20:03:29,47.0975,-56.3814,37.4,92,97,23.24
269,Bud,US,2022-03-26 20:03:29,39.447,-86.1758,39.67,66,100,18.61
270,Umba,RU,2022-03-26 20:03:30,66.6871,34.3429,16.16,84,41,11.25
271,Muzhi,RU,2022-03-26 20:03:30,65.3667,64.6667,-0.44,91,97,4.32
272,Ylivieska,FI,2022-03-26 20:04:30,64.0833,24.55,22.32,72,0,11.01
273,Sergeyevka,KZ,2022-03-26 20:04:30,53.88,67.4158,12.51,91,100,10.6
274,Hedaru,TZ,2022-03-26 20:04:31,-4.5,37.9,73.71,79,72,2.84
275,Tsarychanka,UA,2022-03-26 20:04:31,48.937,34.4786,48.47,82,100,21.0
276,Valuyki,RU,2022-03-26 20:04:31,50.2035,38.1067,44.13,89,100,19.62
277,Barmer,IN,2022-03-26 20:04:32,25.75,71.3833,78.82,18,4,7.83
278,Kaniama,CD,2022-03-26 20:04:32,-7.5667,24.1833,68.65,96,62,1.63
279,Saint Anthony,US,2022-03-26 20:00:43,45.0205,-93.218,33.76,35,0,19.57
280,Gat,IL,2022-03-26 20:04:32,31.61,34.7642,54.39,100,0,3.2
281,Maraba,BR,2022-03-26 20:02:49,-5.3686,-49.1178,82.18,89,51,1.57
282,Mitu,CO,2022-03-26 20:04:32,1.1983,-70.1733,80.13,90,100,1.9
283,Santa Maria Da Boa Vista,BR,2022-03-26 20:04:33,-8.8078,-39.8256,93.78,31,93,8.59
284,Banepa,NP,2022-03-26 20:04:33,27.6298,85.5214,57.52,58,20,4.61
285,Mabaruma,GY,2022-03-26 20:04:33,8.2,-59.7833,80.2,78,100,7.25
286,Baglan,AF,2022-03-26 20:04:33,36.1307,68.7083,58.68,51,28,3.58
287,Arvika,SE,2022-03-26 20:04:34,59.6553,12.5852,32.61,67,99,1.7
288,Marawi,PH,2022-03-26 20:04:34,7.9986,124.2928,67.69,98,100,2.73
289,Ichnya,UA,2022-03-26 20:04:34,50.8626,32.3942,40.78,67,95,20.47
290,Mala,PE,2022-03-26 19:59:55,-12.6581,-76.6308,74.75,73,83,8.25
291,Tocopilla,CL,2022-03-26 20:04:35,-22.092,-70.1979,71.98,65,21,10.0
292,Lormont,FR,2022-03-26 20:04:35,44.875,-0.5178,59.0,31,0,6.91
293,Buraydah,SA,2022-03-26 20:04:35,26.326,43.975,58.48,25,0,10.36
294,Knysna,ZA,2022-03-26 20:04:35,-34.0363,23.0471,61.99,90,0,6.08
295,Lubango,AO,2022-03-26 20:00:27,-14.9172,13.4925,61.5,56,99,3.98
296,Kutum,SD,2022-03-26 20:04:36,14.2,24.6667,64.74,12,2,16.22
297,Margate,GB,2022-03-26 20:04:36,51.3813,1.3862,47.7,86,4,5.99
298,La Tuque,CA,2022-03-26 20:04:36,47.4334,-72.7824,35.51,100,100,3.09
299,Diplo,PK,2022-03-26 20:04:37,24.4667,69.584,80.58,32,0,11.59
300,Deep River,CA,2022-03-26 20:04:37,46.1001,-77.4995,46.44,76,100,7.0
301,Matara,LK,2022-03-26 20:04:37,5.9485,80.5353,76.57,86,4,4.81
302,Uchaly,RU,2022-03-26 20:04:37,54.2996,59.4521,-1.16,100,89,3.58
303,Meulaboh,ID,2022-03-26 20:04:38,4.1363,96.1285,78.46,82,98,3.76
304,Lethem,GY,2022-03-26 20:04:38,3.3803,-59.7968,86.63,57,100,12.86
305,Ustye,RU,2022-03-26 20:04:38,59.6304,39.736,29.95,97,83,5.95
306,Usinsk,RU,2022-03-26 20:04:38,65.9939,57.5281,4.75,96,100,15.14
307,Nadym,RU,2022-03-26 20:04:39,65.5333,72.5167,7.68,96,81,8.05
308,Rumphi,MW,2022-03-26 20:04:39,-11.0186,33.8575,64.94,92,94,3.65
309,Ordu,TR,2022-03-26 20:04:39,40.9086,37.6845,25.3,95,69,4.47
310,Ilebo,CD,2022-03-26 20:04:39,-4.3167,20.5833,75.81,77,100,0.74
311,Grand-Santi,GF,2022-03-26 20:04:40,4.25,-54.3833,79.29,92,100,4.45
312,Salalah,OM,2022-03-26 20:04:40,17.0151,54.0924,77.38,48,10,1.23
313,Edd,ER,2022-03-26 20:04:40,13.9297,41.6925,76.98,72,96,9.33
314,Torbat-E Jam,IR,2022-03-26 20:04:40,35.244,60.6225,47.62,50,0,6.49
315,Tete,MZ,2022-03-26 20:04:41,-16.1564,33.5867,78.89,83,75,5.75
316,Kisarawe,TZ,2022-03-26 20:04:41,-6.9,39.0667,76.24,90,26,5.08
317,Challans,FR,2022-03-26 20:04:41,46.8436,-1.8749,62.8,66,0,14.09
318,Vila Velha,BR,2022-03-26 20:05:42,-20.3297,-40.2925,84.15,76,0,13.8
319,Edea,CM,2022-03-26 20:05:42,3.8,10.1333,79.39,90,82,1.52
320,Kautokeino,NO,2022-03-26 20:05:42,69.0125,23.0412,-4.02,100,42,3.51
321,Esil,KZ,2022-03-26 20:05:42,51.9556,66.4042,21.33,94,100,13.35
322,Campbellsville,US,2022-03-26 20:05:43,37.3434,-85.3419,51.15,21,15,11.99
323,Lerwick,GB,2022-03-26 20:05:43,60.1545,-1.1494,48.2,90,92,11.36
324,Goundam,ML,2022-03-26 20:05:43,16.4145,-3.6708,89.04,26,32,2.17
325,Los Llanos De Aridane,ES,2022-03-26 20:05:43,28.6585,-17.9182,62.35,70,40,20.71
326,Makat,KZ,2022-03-26 20:05:44,47.6469,53.3463,36.91,70,100,7.43
327,Grand-Lahou,CI,2022-03-26 20:05:44,5.1367,-5.0242,81.52,83,100,13.13
328,Zlobin,HR,2022-03-26 20:05:44,45.2924,14.6541,47.5,52,0,2.3
329,Rurrenabaque,BO,2022-03-26 20:05:45,-14.4413,-67.5278,66.47,91,100,1.48
330,Lyuban,BY,2022-03-26 20:05:45,52.7985,28.0048,35.76,59,11,23.67
331,Asyut,EG,2022-03-26 20:05:45,27.181,31.1837,59.97,23,0,9.73
332,Kharitonovo,RU,2022-03-26 20:05:46,61.4009,47.4978,32.83,99,100,7.58
333,Oberwart,AT,2022-03-26 20:05:46,47.2897,16.206,53.62,43,0,3.94
334,Puerto Colombia,CO,2022-03-26 20:05:03,10.9878,-74.9547,86.09,77,40,20.49
335,Hobyo,SO,2022-03-26 20:05:46,5.3505,48.5268,80.78,67,29,15.01
336,Ellsworth,US,2022-03-26 20:05:46,44.5434,-68.4195,51.53,59,0,17.27
337,Opuwo,NA,2022-03-26 20:05:47,-18.0607,13.84,69.42,41,4,4.07
338,Saint-Pierre,RE,2022-03-26 20:05:47,-21.3393,55.4781,76.91,74,0,4.61
339,Gurmatkal,IN,2022-03-26 20:05:47,16.8667,77.4,84.69,29,70,5.44
340,Kipini,KE,2022-03-26 20:05:48,-2.5257,40.5262,80.31,88,7,9.22
341,Virginia Beach,US,2022-03-26 20:03:14,36.8529,-75.978,59.05,33,75,18.41
342,Leh,IN,2022-03-26 20:05:48,34.1667,77.5833,16.02,49,0,3.47
343,Scarborough,GB,2022-03-26 20:05:48,54.2797,-0.4044,48.65,85,25,4.41
344,Kyabe,TD,2022-03-26 20:05:48,9.4515,18.9449,88.61,11,100,5.86
345,Bonito,BR,2022-03-26 20:05:49,-21.1211,-56.4819,80.8,44,21,4.21
346,Las Palmas,ES,2022-03-26 20:05:49,28.4204,-14.0131,61.59,77,20,5.75
347,Likasi,CD,2022-03-26 20:05:49,-10.9814,26.7333,64.04,94,89,2.35
348,Ostrovnoy,RU,2022-03-26 20:05:49,68.0531,39.5131,22.14,61,100,17.0
349,Ayorou,NE,2022-03-26 20:05:50,14.7308,0.9174,89.89,10,23,11.16
350,Escanaba,US,2022-03-26 20:05:50,45.7453,-87.0646,25.11,54,100,18.41
351,Emba,KZ,2022-03-26 20:05:50,48.8264,58.1442,19.26,97,94,7.2
352,Porto Novo,BJ,2022-03-26 20:05:51,6.4965,2.6036,83.37,79,100,9.82
353,Bonthe,SL,2022-03-26 20:05:51,7.5264,-12.505,79.56,82,100,9.4
354,Zaozerne,UA,2022-03-26 20:05:54,45.1582,33.2787,45.91,76,23,21.07
355,Iqaluit,CA,2022-03-26 20:05:54,63.7506,-68.5145,23.7,79,14,13.0
356,Canakkale,TR,2022-03-26 20:05:54,40.0833,26.8333,36.18,66,0,2.15
357,Itubera,BR,2022-03-26 20:05:55,-13.7322,-39.1492,80.58,71,2,5.68
358,Mpika,ZM,2022-03-26 20:05:55,-11.8343,31.4529,63.63,95,96,3.65
359,San Antonio,US,2022-03-26 20:04:01,29.4241,-98.4936,93.06,12,20,13.8
360,Dhrangadhra,IN,2022-03-26 20:06:55,22.9833,71.4667,85.75,22,0,7.67
361,Konevo,RU,2022-03-26 20:06:55,62.1215,39.3192,22.73,92,100,18.37
362,Praia,CV,2022-03-26 20:06:56,14.9215,-23.5087,70.34,68,20,13.8
363,Suratgarh,IN,2022-03-26 20:06:56,29.3167,73.9,81.93,9,0,7.02
364,Oranjemund,NA,2022-03-26 20:06:56,-28.55,16.4333,60.89,82,0,4.85
365,Masuguru,TZ,2022-03-26 20:06:56,-11.3667,38.4167,75.99,89,51,3.53
366,Nastola,FI,2022-03-26 20:06:57,60.95,25.9333,26.83,66,92,16.02
367,Ust-Koksa,RU,2022-03-26 20:06:57,50.2696,85.6108,19.22,83,100,0.78
368,Bocana De Paiwas,NI,2022-03-26 20:06:57,12.7857,-85.1227,94.64,29,32,18.57
369,Policoro,IT,2022-03-26 20:06:57,40.2115,16.6726,49.98,87,81,1.01
370,Copacel,RO,2022-03-26 20:06:58,46.9833,22.1667,50.92,57,61,4.34
371,Yei,SS,2022-03-26 20:06:58,4.095,30.6779,72.72,72,99,3.24
372,San-Pedro,CI,2022-03-26 20:06:58,4.7485,-6.6363,79.5,88,93,8.34
373,Quixeramobim,BR,2022-03-26 20:06:59,-5.1992,-39.2928,82.38,65,100,7.63
374,Ribeira Brava,PT,2022-03-26 20:06:59,32.65,-17.0667,65.07,82,100,14.14
375,Kibre Mengist,ET,2022-03-26 20:06:59,5.8833,38.9833,60.84,85,78,2.19
376,Raudeberg,NO,2022-03-26 20:06:59,61.9875,5.1352,39.96,83,100,18.86
377,Iskateley,RU,2022-03-26 20:07:00,67.6803,53.1512,-9.0,97,100,4.94
378,Havoysund,NO,2022-03-26 20:07:00,70.9963,24.6622,25.03,63,100,20.92
379,Goderich,CA,2022-03-26 20:02:41,43.7501,-81.7165,34.92,95,100,18.41
380,Ozinki,RU,2022-03-26 20:07:00,51.1786,49.6769,26.17,87,7,11.9
381,Warmbad,NA,2022-03-26 20:07:00,-28.45,18.7333,77.94,20,0,11.77
382,Savannah Bight,HN,2022-03-26 20:07:01,16.45,-85.85,78.91,73,100,12.44
383,Kulhudhuffushi,MV,2022-03-26 20:07:01,6.6221,73.07,81.72,67,0,4.23
384,Sabha,LY,2022-03-26 20:07:01,27.0377,14.4283,64.42,12,4,12.19
385,Belokurikha,RU,2022-03-26 20:07:02,51.9959,84.9896,19.71,98,99,3.06
386,Atasu,KZ,2022-03-26 20:07:02,48.6814,71.6433,33.08,92,100,4.99
387,Ornskoldsvik,SE,2022-03-26 20:07:02,63.2909,18.7153,27.55,46,100,4.61
388,Kanniyakumari,IN,2022-03-26 20:07:03,8.0833,77.5667,80.62,78,100,3.74
389,Bay Roberts,CA,2022-03-26 20:07:03,47.5999,-53.2648,41.5,91,100,3.0
390,Kalamnuri,IN,2022-03-26 20:07:03,19.6667,77.3333,86.0,19,5,7.18
391,Poopo,BO,2022-03-26 20:07:03,-18.3667,-66.9667,57.97,32,82,11.12
392,Chicama,PE,2022-03-26 20:07:04,-7.8447,-79.1469,70.34,61,99,9.73
393,Vestmannaeyjar,IS,2022-03-26 20:07:04,63.4427,-20.2734,46.76,92,100,19.06
394,Agirish,RU,2022-03-26 20:07:04,61.9247,63.0231,18.43,92,100,9.06
395,Santa Maria,BR,2022-03-26 20:03:33,-29.6842,-53.8069,70.39,65,94,10.09
396,Biltine,TD,2022-03-26 20:07:04,14.5333,20.9167,77.52,10,5,20.76
397,Praia Da Vitoria,PT,2022-03-26 20:07:05,38.7333,-27.0667,59.76,96,100,24.11
398,Santa Marta,CO,2022-03-26 20:06:45,11.2408,-74.199,83.89,70,21,1.99
399,Kharovsk,RU,2022-03-26 20:07:05,59.9642,40.1912,29.39,98,88,6.02
400,Huarmey,PE,2022-03-26 20:07:05,-10.0681,-78.1522,75.52,72,62,9.91
401,Oksfjord,NO,2022-03-26 20:07:05,70.2396,22.3479,24.01,76,100,10.49
402,Bonavista,CA,2022-03-26 20:07:06,48.6499,-53.1147,31.44,99,100,7.67
403,Iglesias,IT,2022-03-26 20:03:09,39.3114,8.535,58.42,66,12,18.92
404,Chengalpattu,IN,2022-03-26 20:07:06,12.7,79.9833,83.91,86,0,4.74
405,Murgab,TM,2022-03-26 20:07:06,37.4966,61.9714,48.07,61,75,4.61
406,Shache,CN,2022-03-26 20:07:07,38.4167,77.2406,49.71,40,0,4.7
407,Saint-Ambroise,CA,2022-03-26 20:07:07,48.5501,-71.3324,35.89,96,100,1.41
408,Arlit,NE,2022-03-26 20:07:07,18.7369,7.3853,83.21,8,62,12.28
409,Morros,BR,2022-03-26 20:07:07,-9.4467,-46.3003,82.54,66,78,3.0
410,Sonegaon,IN,2022-03-26 20:08:08,20.65,78.6833,87.51,23,22,3.4
411,Port-Cartier,CA,2022-03-26 20:08:08,50.0334,-66.8654,32.76,98,99,6.55
412,Great Yarmouth,GB,2022-03-26 20:08:08,52.6083,1.7305,46.45,84,1,9.1
413,Treinta Y Tres,UY,2022-03-26 20:08:09,-33.2333,-54.3833,67.75,75,89,16.84
414,Bauchi,NG,2022-03-26 20:08:09,10.5,10.0,84.51,12,14,11.95
415,Tambacounda,SN,2022-03-26 20:08:09,13.7539,-13.7586,94.44,14,2,6.31
416,Kalemie,CD,2022-03-26 20:08:09,-5.9475,29.1947,72.63,84,57,1.3
417,Disna,BY,2022-03-26 20:08:10,55.568,28.1971,30.09,73,100,21.14
418,Conceicao Do Araguaia,BR,2022-03-26 20:08:10,-8.2578,-49.2647,83.16,77,30,5.03
419,Santa Branca,BR,2022-03-26 20:08:10,-23.3967,-45.8839,74.88,73,75,4.61
420,Kalmunai,LK,2022-03-26 20:08:10,7.4167,81.8167,78.19,85,5,5.1
421,Marzuq,YE,2022-03-26 20:08:11,14.4,46.4667,67.26,54,9,5.59
422,Golubitskaya,RU,2022-03-26 20:08:11,45.3222,37.2822,43.21,83,5,20.98
423,Maniitsoq,GL,2022-03-26 20:08:11,65.4167,-52.9,22.12,78,80,5.08
424,General Roca,AR,2022-03-26 20:08:12,-39.0333,-67.5833,84.61,13,2,11.03
425,Taquarituba,BR,2022-03-26 20:08:12,-23.5331,-49.2444,75.78,80,66,8.3
426,Warren,US,2022-03-26 20:08:12,39.4334,-84.1666,37.42,72,75,16.11
427,Krasnoselkup,RU,2022-03-26 20:08:13,65.7,82.4667,6.6,92,100,18.61
428,Guarapari,BR,2022-03-26 20:08:13,-20.6667,-40.4975,83.89,77,71,12.03
429,Channel-Port Aux Basques,CA,2022-03-26 20:08:13,47.5702,-59.1367,34.07,92,51,7.29
430,Saint-Georges,GD,2022-03-26 20:03:40,12.0564,-61.7485,80.2,69,100,15.32
431,Albany,US,2022-03-26 20:08:14,42.6001,-73.9662,48.33,79,100,7.02
432,Bilma,NE,2022-03-26 20:08:14,18.6853,12.9164,76.39,11,56,6.96
433,Canchungo,GW,2022-03-26 20:08:14,12.0672,-16.0333,77.7,38,12,9.66
434,Blyth,GB,2022-03-26 20:08:14,55.1271,-1.5086,48.07,91,16,5.1
435,Nushki,PK,2022-03-26 20:08:15,29.5542,66.0215,76.28,14,0,7.78
436,Boende,CD,2022-03-26 20:08:15,-0.2167,20.8667,78.17,63,76,2.42
437,San Pedro,PH,2022-03-26 20:08:15,14.35,121.0167,81.36,77,4,5.99
438,Ilhabela,BR,2022-03-26 20:08:16,-23.7781,-45.3581,80.56,83,98,3.29
439,Inhambane,MZ,2022-03-26 20:08:16,-23.865,35.3833,73.94,86,100,5.17
440,Ugoofaaru,MV,2022-03-26 20:08:16,5.6667,73.0,81.79,65,1,4.59
441,Horqueta,PY,2022-03-26 20:08:16,-23.3428,-57.0597,81.3,34,0,4.54
442,Hanumangarh,IN,2022-03-26 20:08:17,29.5833,74.3167,76.05,11,0,6.4
443,Baillif,GP,2022-03-26 20:08:17,16.0202,-61.7463,82.63,62,100,11.72
444,Hofn,IS,2022-03-26 20:08:17,64.2539,-15.2082,44.73,96,100,10.83
445,Kanashevo,RU,2022-03-26 20:08:18,55.2169,62.0634,12.76,100,82,5.12
446,Iquitos,PE,2022-03-26 20:08:18,-3.7481,-73.2472,86.04,70,75,4.61
447,Vychegodskiy,RU,2022-03-26 20:08:18,61.247,46.8984,32.81,99,100,7.31
448,Urumqi,CN,2022-03-26 20:08:18,43.801,87.6005,38.35,56,0,2.24
449,Voskevan,AM,2022-03-26 20:08:19,41.1202,45.0653,27.7,71,6,6.11
450,Viedma,AR,2022-03-26 20:08:19,-40.8135,-62.9967,75.97,17,0,9.19
451,Abha,SA,2022-03-26 20:08:19,18.2164,42.5053,62.85,45,0,4.61
452,Kharan,PK,2022-03-26 20:08:20,28.5833,65.4167,78.89,13,0,8.79
453,Newark,US,2022-03-26 20:03:31,40.7357,-74.1724,52.7,51,75,24.16
454,Qasigiannguit,GL,2022-03-26 20:08:20,68.8193,-51.1922,17.85,79,100,2.37
455,The Valley,AI,2022-03-26 20:08:20,18.217,-63.0578,81.1,61,20,13.8
456,Havre-Saint-Pierre,CA,2022-03-26 20:08:21,50.2334,-63.5986,30.92,98,100,16.28
457,Luau,AO,2022-03-26 20:09:21,-10.7073,22.2247,66.25,95,99,3.33
458,Hadejia,NG,2022-03-26 20:09:21,12.4498,10.0444,82.58,10,23,13.24
459,Port Hawkesbury,CA,2022-03-26 20:09:21,45.6169,-61.3485,49.03,83,75,5.01
460,Stornoway,GB,2022-03-26 20:09:22,58.2093,-6.3865,47.93,84,75,4.61
461,Ipanema,BR,2022-03-26 20:09:22,-30.1391,-51.2244,72.01,75,75,12.66
462,Angoche,MZ,2022-03-26 20:09:22,-16.2325,39.9086,80.06,77,23,6.71
463,Blacksburg,US,2022-03-26 20:06:13,37.2296,-80.4139,42.55,73,100,11.5
464,Dawlatabad,AF,2022-03-26 20:09:22,36.4141,64.9053,53.2,42,95,7.67
465,Maxixe,MZ,2022-03-26 20:09:23,-23.8597,35.3472,72.95,88,100,4.27
466,Sagua La Grande,CU,2022-03-26 20:09:23,22.8067,-80.0756,77.99,50,68,13.53
467,Hamilton,US,2022-03-26 20:06:14,39.1834,-84.5333,38.25,67,100,20.71
468,Jalu,LY,2022-03-26 20:09:23,29.0331,21.5482,62.42,20,0,10.27
469,Karagaylinskiy,RU,2022-03-26 20:09:24,54.172,86.5521,2.19,100,69,1.97
470,Naryan-Mar,RU,2022-03-26 20:09:24,67.6713,53.087,-8.7,97,100,5.06
471,Mayumba,GA,2022-03-26 20:09:24,-3.432,10.6554,79.32,88,100,7.09
472,Acucena,BR,2022-03-26 20:09:24,-19.0731,-42.5464,79.72,75,88,4.14
473,Sokoni,TZ,2022-03-26 20:09:25,-6.4333,39.55,82.9,77,4,11.25
474,Salobrena,ES,2022-03-26 20:09:25,36.7428,-3.5872,58.01,74,16,1.07
475,Mangaratiba,BR,2022-03-26 20:09:25,-22.9597,-44.0406,79.57,81,26,5.1
476,Dharchula,IN,2022-03-26 20:09:25,29.85,80.5333,60.28,22,0,8.46
477,Peniche,PT,2022-03-26 20:09:26,39.3558,-9.3811,60.3,82,82,4.54
478,Ughelli,NG,2022-03-26 20:09:26,5.4899,6.0074,82.99,76,56,6.2
479,Diu,IN,2022-03-26 20:09:26,20.7141,70.9822,80.06,52,0,12.15
480,Youghal,IE,2022-03-26 20:09:27,51.95,-7.8506,51.01,79,0,8.16
481,Yuzhne,UA,2022-03-26 20:09:27,46.6221,31.1013,50.29,53,100,20.4
482,Sovetskiy,RU,2022-03-26 20:09:27,61.3614,63.5842,17.73,92,83,9.48
483,Juruti,BR,2022-03-26 20:09:27,-2.1522,-56.0922,84.72,72,55,4.54
484,Portsmouth,GB,2022-03-26 20:09:28,50.799,-1.0913,54.0,67,0,4.0
485,Kaithal,IN,2022-03-26 20:09:28,29.8,76.3833,70.7,15,0,6.51
486,Gainesville,US,2022-03-26 20:06:51,29.6516,-82.3248,76.82,31,0,12.66
487,Harrismith,ZA,2022-03-26 20:09:28,-28.2728,29.1295,53.4,96,21,4.14
488,Lahij,YE,2022-03-26 20:09:28,13.1667,44.5833,75.36,65,6,4.76
489,Jizan,SA,2022-03-26 20:09:29,17.3333,42.6667,76.19,62,10,4.21
490,Corinto,GR,2022-03-26 20:09:29,37.9407,22.9573,54.9,72,13,3.27
491,San Juan,AR,2022-03-26 20:09:29,-31.5375,-68.5364,83.84,12,0,3.96
492,Athens,GR,2022-03-26 20:04:50,37.9795,23.7162,58.12,64,0,3.44
493,Havelock,US,2022-03-26 20:07:48,34.8791,-76.9013,64.02,56,93,11.01
494,Tamale,GH,2022-03-26 20:09:30,9.4008,-0.8393,97.09,24,91,4.47
495,Grindavik,IS,2022-03-26 20:09:30,63.8424,-22.4338,43.27,93,100,21.85
496,Boa Vista,BR,2022-03-26 20:09:30,2.8197,-60.6733,87.78,51,40,11.5
497,Fonte Boa,BR,2022-03-26 20:09:31,-2.4959,-66.2662,80.44,94,100,1.14
498,Tefe,BR,2022-03-26 20:09:31,-3.3542,-64.7114,80.71,94,40,5.75
499,Kulu,TR,2022-03-26 20:09:31,39.0951,33.0799,33.01,65,0,6.62
500,Itapirapua,BR,2022-03-26 20:09:31,-15.8233,-50.6133,87.26,66,18,1.32
501,Nassjo,SE,2022-03-26 20:09:32,57.6531,14.6968,27.52,63,99,3.2
502,Dabhoi,IN,2022-03-26 20:09:32,22.1833,73.4333,85.96,24,1,5.03
503,Forestville,US,2022-03-26 20:09:32,38.8451,-76.875,52.23,48,75,12.66
504,Damaturu,NG,2022-03-26 20:09:32,11.747,11.9608,77.04,12,39,9.53
505,Abu Dhabi,AE,2022-03-26 20:06:20,24.4667,54.3667,75.31,69,0,9.22
506,Lipin Bor,RU,2022-03-26 20:10:33,60.2622,37.9763,27.25,93,100,16.71
507,Presidente Medici,BR,2022-03-26 20:10:33,-11.1753,-61.9014,80.91,91,99,4.09
508,Amalapuram,IN,2022-03-26 20:10:33,16.5833,82.0167,76.86,93,37,3.33
509,Halkirk,CA,2022-03-26 20:10:34,52.2834,-112.1518,34.88,57,100,12.12
510,Puerto Lopez,CO,2022-03-26 20:10:34,4.0845,-72.956,87.4,56,95,3.76
511,Khash,IR,2022-03-26 20:10:34,28.2211,61.2158,68.76,25,0,16.91
512,Rafiganj,IN,2022-03-26 20:10:34,24.8167,84.65,74.64,10,0,3.74
513,Mahenge,TZ,2022-03-26 20:10:35,-8.6833,36.7167,66.0,85,12,2.62
514,Toma,BF,2022-03-26 20:10:35,12.7667,-2.8833,93.51,18,28,5.35
515,Sherbakul,RU,2022-03-26 20:10:35,54.6316,72.3963,5.23,96,100,7.2
516,Pitimbu,BR,2022-03-26 20:10:35,-7.4706,-34.8086,81.19,79,99,6.33
517,Sainte-Marie,RE,2022-03-26 20:10:36,-20.8968,55.5496,77.41,83,0,2.3
518,Baghpat,IN,2022-03-26 20:10:36,28.95,77.2167,72.82,13,0,8.41
519,Subirana,HN,2022-03-26 20:10:36,15.2,-87.45,66.22,93,100,3.98
520,Dasoguz,TM,2022-03-26 20:10:37,41.8363,59.9666,39.15,70,0,16.11
521,Bubaque,GW,2022-03-26 20:10:37,11.2833,-15.8333,76.87,67,3,22.41
522,Copiapo,CL,2022-03-26 20:09:27,-27.3667,-70.3333,65.89,29,0,10.22
523,Nueve De Julio,AR,2022-03-26 20:05:58,-35.4444,-60.8831,71.42,58,0,10.09
524,Axim,GH,2022-03-26 20:10:37,4.8699,-2.2405,80.49,82,82,6.08
525,Iracoubo,GF,2022-03-26 20:10:37,5.4802,-53.2011,79.48,79,98,12.73
526,Sassandra,CI,2022-03-26 20:10:38,4.95,-6.0833,79.32,88,100,9.51
527,Ust-Kulom,RU,2022-03-26 20:10:38,61.6864,53.6902,28.15,96,100,10.51
528,Aguilar De La Frontera,ES,2022-03-26 20:10:38,37.5143,-4.6554,58.75,71,57,4.27
529,Maragogi,BR,2022-03-26 20:10:39,-9.0122,-35.2225,79.34,84,100,5.73
530,Morant Bay,JM,2022-03-26 20:10:39,17.8815,-76.4093,82.71,66,59,8.88
531,Sept-Iles,CA,2022-03-26 20:07:26,50.2001,-66.3821,33.06,92,94,4.0
532,Fuerte Olimpo,PY,2022-03-26 20:10:39,-21.0415,-57.8738,85.77,27,15,3.22
533,Salinopolis,BR,2022-03-26 20:10:39,-0.6136,-47.3561,79.27,85,99,10.33
534,Pangnirtung,CA,2022-03-26 20:10:40,66.1451,-65.7125,25.02,83,100,4.7
535,Tapes,BR,2022-03-26 20:10:40,-30.6733,-51.3958,72.21,61,80,13.11
536,Douentza,ML,2022-03-26 20:10:40,14.9951,-2.9517,91.04,21,1,6.24
537,Narodychi,UA,2022-03-26 20:10:40,51.2029,29.0823,41.36,55,70,18.34
538,Inirida,CO,2022-03-26 20:10:36,3.8653,-67.9239,74.95,96,100,2.42
539,Tessalit,ML,2022-03-26 20:10:41,20.1986,1.0114,90.3,11,100,10.98
540,Tabuk,PH,2022-03-26 20:10:41,17.4189,121.4443,73.6,84,19,1.86
541,Vagur,FO,2022-03-26 20:10:41,61.4732,-6.8119,47.28,88,100,21.18
